,train loss,train accuracy,test loss,test accuracy
0,1.2772704551617304,0.0,0.29877842366695406,0.0
